name,ufc_bouts_1993_2009,years,why_not_in_game,first_event
Chuck Liddell,23,1998-2009,ESPN profile lacks nationality,The Ultimate Fighter 1 Finale
Tito Ortiz,21,1997-2009,ESPN profile complete,Ortiz vs. Shamrock 3: The Final Chapter
Josh Koscheck,16,2005-2009,ESPN profile lacks nationality,2005 in UFC
Frank Mir,15,2001-2009,ESPN profile complete,UFC 100
Pedro Rizzo,14,1998-2003,ESPN profile complete,UFC 18
Diego Sanchez,13,2005-2009,ESPN profile complete,The Ultimate Fighter 1 Finale
Jeremy Horn,13,1998-2009,no ESPN profile,The Ultimate Fighter: Team Rampage vs. Team Forrest Finale
Ken Shamrock,13,1993-2006,ESPN profile lacks nationality,Ortiz vs. Shamrock 3: The Final Chapter
Tim Sylvia,13,2002-2008,ESPN profile lacks nationality,UFC 39
Joe Stevenson,12,2005-2009,ESPN profile complete,The Ultimate Fighter 2 Finale
Jon Fitch,12,2005-2009,ESPN profile complete,UFC 100
Karo Parisyan,12,2003-2009,ESPN profile lacks nationality,UFC 44
Marcus Davis,12,2005-2009,no ESPN profile,Ortiz vs. Shamrock 3: The Final Chapter
Matt Lindland,12,2000-2005,no ESPN profile,UFC 29
Tank Abbott,12,1995-2003,no ESPN profile,UFC 11
Brandon Vera,11,2005-2009,ESPN profile complete,UFC 102
Cheick Kongo,11,2006-2009,ESPN profile complete,UFC 107
Hermes França,11,2003-2009,ESPN profile complete,UFC 103
Keith Jardine,11,2005-2009,ESPN profile lacks nationality,The Ultimate Fighter 2 Finale
Alessio Sakara,10,2005-2009,ESPN profile complete,UFC 101
Gabriel Gonzaga,10,2005-2009,ESPN profile complete,UFC 102
Gleison Tibau,10,2006-2009,ESPN profile complete,The Ultimate Fighter: United States vs. United Kingdom Finale
Josh Burkman,10,2005-2008,no ESPN profile,The Ultimate Fighter 2 Finale
Josh Neer,10,2005-2009,no ESPN profile,2005 in UFC
Rashad Evans,10,2005-2009,ESPN profile complete,The Ultimate Fighter 2 Finale
Renato Sobral,10,2000-2007,no ESPN profile,UFC 28
Rich Clementi,10,2003-2009,no ESPN profile,The Ultimate Fighter 4 Finale
Stephan Bonnar,10,2005-2009,ESPN profile lacks nationality,2005 in UFC
Wilson Gouveia,10,2006-2009,no ESPN profile,The Ultimate Fighter 3 Finale
Caol Uno,9,2001-2009,ESPN profile complete,UFC 106
Din Thomas,9,2001-2008,ESPN profile lacks nationality,The Ultimate Fighter 4 Finale
Drew McFedries,9,2006-2009,no ESPN profile,The Ultimate Fighter: Team Rampage vs. Team Forrest Finale
Jens Pulver,9,1999-2007,ESPN profile lacks nationality,The Ultimate Fighter 5 Finale
Kendall Grove,9,2006-2009,ESPN profile complete,Ortiz vs. Shamrock 3: The Final Chapter
Kurt Pellegrino,9,2006-2009,no ESPN profile,UFC 101
Luigi Fioravanti,9,2006-2009,no ESPN profile,The Ultimate Fighter 3 Finale
Matt Hamill,9,2006-2009,"ESPN profile lacks division, nationality",Ortiz vs. Shamrock 3: The Final Chapter
Melvin Guillard,9,2005-2009,no ESPN profile,The Ultimate Fighter 2 Finale
Pat Miletich,9,1998-2002,no ESPN profile,UFC 16
Phil Baroni,9,2001-2009,ESPN profile complete,UFC 106
Tyson Griffin,9,2006-2009,ESPN profile complete,UFC 103
Yushin Okami,9,2006-2009,ESPN profile complete,UFC 104
Anthony Johnson,8,2007-2009,ESPN profile complete,The Ultimate Fighter: Team Nogueira vs. Team Mir Finale
David Loiseau,8,2003-2009,ESPN profile lacks nationality,UFC 42
James Irvin,8,2005-2008,ESPN profile lacks nationality,UFC 51
Jason Lambert,8,2006-2008,no ESPN profile,UFC 58
Joe Riggs,8,2004-2006,ESPN profile complete,UFC 49
Jonathan Goulet,8,2005-2008,no ESPN profile,The Ultimate Fighter: Team Hughes vs. Team Serra Finale
Lyoto Machida,8,2007-2009,ESPN profile complete,UFC 104
Nate Diaz,8,2007-2009,ESPN profile complete,The Ultimate Fighter 5 Finale
Pete Williams,8,1998-2002,"ESPN profile lacks nationality, DOB, height",UFC 17
Roger Huerta,8,2006-2009,no ESPN profile,The Ultimate Fighter 5 Finale
Dan Severn,7,1994-2000,"ESPN profile lacks division, nationality",UFC 12
Drew Fickett,7,2005-2007,no ESPN profile,2005 in UFC
Eugene Jackson,7,1999-2002,no ESPN profile,UFC 21
Fabiano Iha,7,1999-2001,"ESPN profile lacks nationality, DOB, height",UFC 20
Ivan Salaverry,7,2002-2008,no ESPN profile,2005 in UFC
Jake O'Brien,7,2006-2009,ESPN profile lacks nationality,UFC 100
Jeff Monson,7,2000-2006,no ESPN profile,UFC 27
Jorge Gurgel,7,2006-2008,no ESPN profile,UFC 63
Kevin Randleman,7,1999-2002,"ESPN profile lacks division, nationality",UFC 19
Maurice Smith,7,1997-2000,ESPN profile lacks nationality,UFC 14
Pete Sell,7,2005-2009,no ESPN profile,2005 in UFC
Pete Spratt,7,2002-2007,no ESPN profile,2005 in UFC
Ricco Rodriguez,7,2001-2003,ESPN profile complete,UFC 32
Terry Etim,7,2007-2009,ESPN profile lacks nationality,UFC 105
Thiago Tavares,7,2007-2009,ESPN profile complete,UFC 76
Wanderlei Silva,7,1998-2009,ESPN profile complete,UFC 20
Brock Larson,6,2005-2009,no ESPN profile,UFC 106
Carlos Newton,6,1998-2004,"ESPN profile lacks nationality, DOB, height",UFC 17
Chael Sonnen,6,2005-2009,ESPN profile lacks nationality,UFC 104
Dave Menne,6,2000-2006,no ESPN profile,UFC 24
Dean Lister,6,2006-2008,no ESPN profile,The Ultimate Fighter: Team Rampage vs. Team Forrest Finale
Eddie Sanchez,6,2006-2008,no ESPN profile,UFC 63
Eric Schafer,6,2006-2009,"ESPN profile lacks division, nationality",UFC 104
Frank Trigg,6,2003-2009,ESPN profile complete,UFC 103
Houston Alexander,6,2007-2009,no ESPN profile,The Ultimate Fighter: Heavyweights Finale
Ian Freeman,6,2000-2003,ESPN profile lacks nationality,UFC 24
Joe Doerksen,6,2004-2008,no ESPN profile,UFC 49
Kimo Leopoldo,6,1994-2004,no ESPN profile,UFC 16
Marcus Aurelio,6,2007-2009,no ESPN profile,UFC 102
Quinton Jackson,6,2007-2009,ESPN profile complete,UFC 67
Royce Gracie,6,1993-2006,ESPN profile lacks nationality,UFC 1
Shonie Carter,6,2000-2006,ESPN profile lacks division,UFC 24
Terry Martin,6,2005-2008,no ESPN profile,UFC 54
Thiago Silva,6,2007-2009,no ESPN profile,UFC 102
Travis Lutter,6,2004-2008,ESPN profile lacks nationality,The Ultimate Fighter 4 Finale
Vladimir Matyushenko,6,2001-2009,ESPN profile lacks nationality,UFC 103
Ben Saunders,5,2007-2009,no ESPN profile,The Ultimate Fighter: Team Hughes vs. Team Serra Finale
C. B. Dollaway,5,2008-2009,no ESPN profile,The Ultimate Fighter: Team Rampage vs. Team Forrest Finale
David Heath,5,2006-2008,no ESPN profile,UFC 62
Dennis Hallman,5,2000-2009,ESPN profile complete,The Ultimate Fighter: Heavyweights Finale
Forrest Petz,5,2006-2007,no ESPN profile,Ortiz vs. Shamrock 3: The Final Chapter
Frank Shamrock,5,1997-1999,no ESPN profile,UFC 16
Gary Goodridge,5,1996-1999,ESPN profile lacks nationality,UFC 10
Heath Herring,5,2007-2008,ESPN profile complete,UFC 69
Jess Liaudin,5,2007-2008,no ESPN profile,UFC 70
Kalib Starnes,5,2006-2008,no ESPN profile,The Ultimate Fighter 3 Finale
LaVerne Clark,5,1998-2000,no ESPN profile,UFC 16
Luiz Cané,5,2007-2009,no ESPN profile,UFC 106
Mark Hall,5,1995-1996,"ESPN profile lacks nationality, DOB, height",UFC 10
Marvin Eastman,5,2003-2008,no ESPN profile,The Ultimate Fighter: Team Rampage vs. Team Forrest Finale
Mirko Cro Cop,5,2007-2009,no ESPN profile,UFC 103
Paul Buentello,5,2005-2009,ESPN profile lacks division,UFC 107
Paul Kelly,5,2008-2009,no ESPN profile,UFC 105
Roan Carneiro,5,2007-2008,no ESPN profile,UFC 79
Rob Emerson,5,2007-2009,ESPN profile complete,The Ultimate Fighter 5 Finale
Tsuyoshi Kosaka,5,1998-2002,no ESPN profile,UFC 18
Alvin Robinson,4,2007-2008,no ESPN profile,UFC 73
Brian Johnston,4,1996-1997,"ESPN profile lacks division, nationality, DOB, height",UFC 10
Carmelo Marrero,4,2006-2009,no ESPN profile,UFC 64
Chris Wilson,4,2008-2009,no ESPN profile,UFC 82
Dave Beneteau,4,1995-1997,"ESPN profile lacks nationality, DOB, height",UFC 15
Don Frye,4,1996,ESPN profile lacks nationality,UFC 10
Fabrício Werdum,4,2007-2008,ESPN profile complete,UFC 70
Gan McGee,4,2000-2003,"ESPN profile lacks nationality, DOB, height",UFC 28
George Sotiropoulos,4,2007-2009,ESPN profile complete,The Ultimate Fighter: Team Hughes vs. Team Serra Finale
Guy Mezger,4,1994-1999,no ESPN profile,UFC 13
Jason Dent,4,2006-2009,no ESPN profile,The Ultimate Fighter: United States vs. United Kingdom Finale
Joe Charles,4,1994-1997,"ESPN profile lacks nationality, DOB, height",UFC 4
Justin Buchholz,4,2008-2009,no ESPN profile,UFC 86
Justin Eilers,4,2004-2006,ESPN profile lacks nationality,UFC 49
Justin McCully,4,2007-2009,no ESPN profile,UFC 102
Kuniyoshi Hironaka,4,2006-2008,no ESPN profile,UFC 64
Mike Van Arsdale,4,1998-2006,ESPN profile lacks nationality,UFC 17
Murilo Bustamante,4,2000-2002,no ESPN profile,UFC 25
Márcio Cruz,4,2005-2006,ESPN profile lacks nationality,UFC 55
Oleg Taktarov,4,1995,no ESPN profile,UFC 5
Rob Kimmons,4,2008-2009,no ESPN profile,The Ultimate Fighter: Team Rampage vs. Team Forrest Finale
Ron Waterman,4,1999-2000,no ESPN profile,UFC 20
Rory Singer,4,2006-2007,no ESPN profile,Ortiz vs. Shamrock 3: The Final Chapter
Rousimar Palhares,4,2008-2009,no ESPN profile,UFC 107
Ryan Jensen,4,2007-2009,no ESPN profile,UFC 74
Ryo Chonan,4,2007-2009,no ESPN profile,UFC 78
Scott Smith,4,2006-2007,no ESPN profile,The Ultimate Fighter 4 Finale
Shane Nelson,4,2008-2009,no ESPN profile,The Ultimate Fighter: Team Nogueira vs. Team Mir Finale
Shannon Gugerty,4,2008-2009,no ESPN profile,UFC 100
Tiki Ghosn,4,2000-2004,"ESPN profile lacks nationality, DOB, height",UFC 24
Tomasz Drwal,4,2007-2009,no ESPN profile,The Ultimate Fighter: United States vs. United Kingdom Finale
Trevor Prangley,4,2004-2006,no ESPN profile,UFC 48
Wesley Correira,4,2002-2004,ESPN profile lacks division,UFC 39
Yoshiyuki Yoshida,4,2008-2009,no ESPN profile,UFC 104
Akihiro Gono,3,2007-2009,no ESPN profile,UFC 78
Alex Karalexis,3,2005-2006,no ESPN profile,2005 in UFC
Andre Roberts,3,1998-1999,"ESPN profile lacks nationality, DOB, height",UFC 17
Assuério Silva,3,2006-2007,no ESPN profile,UFC 60
Benji Radach,3,2002,ESPN profile complete,UFC 37
Bobby Hoffman,3,2000-2001,"ESPN profile lacks division, nationality, DOB, height",UFC 27
Brad Blackburn,3,2008-2009,no ESPN profile,The Ultimate Fighter: United States vs. United Kingdom Finale
Brad Imes,3,2005-2007,no ESPN profile,The Ultimate Fighter 2 Finale
Branden Lee Hinkle,3,2005-2006,no ESPN profile,UFC 55
Cal Worsham,3,1995-1996,no ESPN profile,UFC 6
Corey Hill,3,2008,no ESPN profile,UFC 86
Daiju Takase,3,1999-2000,no ESPN profile,UFC 21
David Bielkheden,3,2008-2009,no ESPN profile,UFC 82
Denis Kang,3,2009,ESPN profile lacks nationality,UFC 105
Diego Saraiva,3,2007,no ESPN profile,UFC 67
Edwin Dewees,3,2003-2006,"ESPN profile lacks division, nationality",The Ultimate Fighter 4 Finale
Felix Mitchell,3,1994-1996,no ESPN profile,UFC 10
Genki Sudo,3,2002-2004,no ESPN profile,UFC 38
George Roop,3,2008-2009,no ESPN profile,The Ultimate Fighter: Team Nogueira vs. Team Mir Finale
Gideon Ray,3,2005-2006,no ESPN profile,2005 in UFC
Gil Castillo,3,2001-2002,"ESPN profile lacks nationality, DOB, height",UFC 33
Jake Rosholt,3,2009,no ESPN profile,UFC 102
Jason Brilz,3,2008-2009,no ESPN profile,UFC 103
Jason Day,3,2008-2009,"ESPN profile lacks division, nationality, DOB",UFC 83
Jason Von Flue,3,2006,no ESPN profile,UFC Fight Night: Sanchez vs. Parisyan
John Alessio,3,2000-2006,no ESPN profile,Ortiz vs. Shamrock 3: The Final Chapter
John Hathaway,3,2009,no ESPN profile,UFC 105
John Howard,3,2009,no ESPN profile,The Ultimate Fighter: Heavyweights Finale
Jorge Santiago,3,2006,no ESPN profile,UFC Fight Night: Sanchez vs. Parisyan
Josh Haynes,3,2006-2007,"ESPN profile lacks nationality, DOB",Ortiz vs. Shamrock 3: The Final Chapter
Josh Thomson,3,2003-2004,ESPN profile complete,UFC 44
Junior Assuncao,3,2006-2007,no ESPN profile,UFC 64
Junior dos Santos,3,2008-2009,ESPN profile complete,UFC 103
Keita Nakamura,3,2006-2008,no ESPN profile,UFC 81
Keith Hackney,3,1994-1995,"ESPN profile lacks nationality, DOB, height",UFC 3
Kevin Jackson,3,1997-1998,"ESPN profile lacks nationality, DOB, height",UFC 14
Kyle Bradley,3,2008-2009,ESPN profile lacks division,UFC 81
Leonard Garcia,3,2007,ESPN profile lacks nationality,The Ultimate Fighter 5 Finale
Mark Weir,3,2002-2003,no ESPN profile,UFC 38
Matthew Riddle,3,2009,no ESPN profile,UFC 101
Mike Kyle,3,2004-2005,no ESPN profile,UFC 47
Mikey Burnett,3,1998-1999,"ESPN profile lacks nationality, DOB, height",UFC 16
Patrick Smith,3,1993-1995,no ESPN profile,UFC 1
Paulo Thiago,3,2009,no ESPN profile,UFC 100
Per Eklund,3,2008-2009,no ESPN profile,UFC 80
Rameau Thierry Sokoudjou,3,2007-2008,no ESPN profile,UFC 79
Renato Verissimo,3,2004,"ESPN profile lacks nationality, DOB",UFC 46
Rob MacDonald,3,2006,no ESPN profile,UFC 58
Rolando Delgado,3,2008-2009,no ESPN profile,The Ultimate Fighter: Team Nogueira vs. Team Mir Finale
Ryan Bader,3,2008-2009,ESPN profile complete,The Ultimate Fighter: Team Nogueira vs. Team Mir Finale
Sam Adkins,3,1996,no ESPN profile,UFC 10
Scott Ferrozzo,3,1996-1997,"ESPN profile lacks nationality, DOB, height",UFC 11
Steve Berger,3,2001-2002,no ESPN profile,UFC 31
Steve Bruno,3,2008-2009,no ESPN profile,UFC 87
Steve Jennum,3,1994-1995,"ESPN profile lacks nationality, DOB, height",UFC 3
T. J. Grant,3,2009,no ESPN profile,UFC 100
Tim Lajcik,3,1999-2000,no ESPN profile,UFC 21
Tony Fryklund,3,1997-2004,no ESPN profile,UFC 14
Wes Sims,3,2003-2004,no ESPN profile,UFC 43
Yoji Anjo,3,1997-2000,no ESPN profile,UFC 25
Yuki Kondo,3,2000-2001,no ESPN profile,UFC 27
Aaron Simpson,2,2009,no ESPN profile,UFC 102
Alberto Crane,2,2007-2008,no ESPN profile,UFC 74
Alex Hunter,2,1997,"ESPN profile lacks nationality, DOB, height",UFC 14
Alexandre Dantas,2,2000-2003,"ESPN profile lacks nationality, DOB, height",UFC 27
Amar Suloev,2,2002,no ESPN profile,UFC 35
Amaury Bitetti,2,1996-2000,no ESPN profile,UFC 26
Andre Winner,2,2009,no ESPN profile,The Ultimate Fighter: United States vs. United Kingdom Finale
Andrei Semenov,2,2002,no ESPN profile,UFC 35
André Gusmão,2,2008-2009,"ESPN profile lacks nationality, DOB",UFC 87
Ansar Chalangov,2,2005-2006,no ESPN profile,UFC 56
Anthony Macias,2,1994-1995,no ESPN profile,UFC 4
Anthony Torres,2,2006-2007,no ESPN profile,UFC 75
Antonio Mendes,2,2008-2009,no ESPN profile,UFC 84
Bas Rutten,2,1999,no ESPN profile,UFC 18
Brad Gumm,2,2000,no ESPN profile,UFC 24
Brad Kohler,2,1997-1999,no ESPN profile,UFC 22
Brad Morris,2,2008,"ESPN profile lacks division, nationality, DOB",UFC 83
Brian Foster,2,2009,no ESPN profile,UFC 103
Chad Reiner,2,2007,no ESPN profile,UFC Fight Night: Evans vs. Salmon
Chris Brennan,2,1998-2002,no ESPN profile,UFC 16
Chris Price,2,2006-2007,no ESPN profile,Ortiz vs. Shamrock 3: The Final Chapter
Christophe Leininger,2,1994-1997,no ESPN profile,UFC 13
Colin Robinson,2,2007-2008,no ESPN profile,UFC 72
Crafton Wallace,2,2006,no ESPN profile,Ortiz vs. Shamrock 3: The Final Chapter
Curtis Stout,2,2001-2004,no ESPN profile,UFC 30
DaMarques Johnson,2,2009,no ESPN profile,The Ultimate Fighter: United States vs. United Kingdom Finale
Dan Christison,2,2006,no ESPN profile,UFC 61
Dan Cramer,2,2009,no ESPN profile,UFC 101
Danny Abbadi,2,2006,"ESPN profile lacks nationality, DOB",The Ultimate Fighter 3 Finale
Dave Kaplan,2,2008-2009,no ESPN profile,The Ultimate Fighter: Team Nogueira vs. Team Mir Finale
Dave Strasser,2,2003,no ESPN profile,UFC 42
David Dodd,2,1999-2000,"ESPN profile lacks nationality, DOB, height",UFC 21
David Lee,2,2006-2007,no ESPN profile,UFC 63
Denis Stojnić,2,2009,ESPN profile lacks division,UFC 99
Dokonjonosuke Mishima,2,2006-2007,no ESPN profile,UFC 65
Doug Evans,2,2007,no ESPN profile,The Ultimate Fighter 5 Finale
Edilberto de Oliveira,2,2007,no ESPN profile,UFC 70
Efraín Escudero,2,2008-2009,ESPN profile complete,The Ultimate Fighter: Team Nogueira vs. Team Mir Finale
Fabiano Scherner,2,2005-2006,no ESPN profile,UFC 60
Falaniko Vitale,2,2003,no ESPN profile,UFC 43
Geza Kalman,2,1995-1996,no ESPN profile,UFC 10
Harold Howard,2,1994-1995,"ESPN profile lacks nationality, DOB, height",UFC 3
Harry Moskowitz,2,1997-1998,no ESPN profile,UFC 15
Hector Ramirez,2,2006-2007,ESPN profile complete,UFC 65
Jack Nilson,2,1996-1997,"ESPN profile lacks nationality, DOB, height",UFC 13
Jason Gilliam,2,2007,no ESPN profile,UFC 68
Jason Godsey,2,1999,no ESPN profile,UFC 19
Jason Tan,2,2007-2008,"ESPN profile lacks nationality, DOB",UFC 72
Jeff Cox,2,2007-2008,no ESPN profile,UFC Fight Night: Florian vs. Lauzon
Jeremy Jackson,2,2003-2006,"ESPN profile lacks nationality, DOB, height",The Ultimate Fighter 4 Finale
Joe Moreira,2,1996-1997,"ESPN profile lacks nationality, DOB, height",UFC 14
Joe Slick,2,1999-2000,no ESPN profile,UFC 23
Joe Vedepo,2,2008-2009,no ESPN profile,UFC Fight Night: Condit vs. Kampmann
Joe Veres,2,2007-2008,ESPN profile lacks nationality,UFC Fight Night: Swick vs. Burkman
Joel Sutton,2,1995,"ESPN profile lacks nationality, DOB",UFC 6
John Halverson,2,2007-2008,"ESPN profile lacks nationality, height",UFC 67
John Lewis,2,1999-2000,no ESPN profile,UFC 22
Johnny Rees,2,2008,no ESPN profile,UFC Fight Night: Silva vs. Irvin
Jon Koppenhaver,2,2007-2008,no ESPN profile,The Ultimate Fighter: Team Hughes vs. Team Serra Finale
Jordan Radev,2,2007,no ESPN profile,UFC 79
Junie Browning,2,2008-2009,no ESPN profile,The Ultimate Fighter: Team Nogueira vs. Team Mir Finale
Justin Levens,2,2006,"ESPN profile lacks nationality, DOB, height",UFC 59
Jutaro Nakao,2,2001-2002,"ESPN profile lacks division, nationality",UFC 33
Kazuhiro Nakamura,2,2007-2008,no ESPN profile,UFC 76
Keith Rockel,2,2002-2003,"ESPN profile lacks nationality, DOB, height",UFC 35
Kenichi Yamamoto,2,1999-2000,no ESPN profile,UFC 23
Kevin Jordan,2,2005,no ESPN profile,UFC 53
Kevin Rosier,2,1993-1994,no ESPN profile,UFC 1
Koji Oishi,2,2000-2005,no ESPN profile,UFC 25
Lance Gibson,2,2000,"ESPN profile lacks nationality, DOB, height",UFC 24
Larry Cureton,2,1995,"ESPN profile lacks nationality, DOB, height",UFC 5
Luke Caudillo,2,2007,no ESPN profile,UFC 78
Marcus Bossett,2,1994-1996,"ESPN profile lacks nationality, DOB, height",UFC 4
Mark Kerr,2,1997,no ESPN profile,UFC 14
Matt Horwich,2,2008-2009,no ESPN profile,UFC 90
Matt Veach,2,2009,"ESPN profile lacks nationality, DOB",The Ultimate Fighter: Heavyweights Finale
Michael Patt,2,2008-2009,"ESPN profile lacks nationality, DOB",UFC 88
Michihiro Omigawa,2,2007-2008,no ESPN profile,UFC 76
Mike Massenzio,2,2008,no ESPN profile,UFC 92
Mike Nickels,2,2006-2007,no ESPN profile,The Ultimate Fighter 3 Finale
Moti Horenstein,2,1996-1997,"ESPN profile lacks nationality, DOB, height",UFC 10
Naoyuki Kotani,2,2007,no ESPN profile,UFC 75
Nate Loughran,2,2008,no ESPN profile,UFC Fight Night: Silva vs. Irvin
Nick Thompson,2,2005-2006,no ESPN profile,UFC 56
Paul Jones,2,1999,"ESPN profile lacks nationality, DOB, height",UFC 21
Phillip Miller,2,2002,"ESPN profile lacks nationality, DOB, height",UFC 38
Razak Al-Hassan,2,2008-2009,no ESPN profile,UFC 104
Remco Pardoel,2,1994-1995,"ESPN profile lacks nationality, DOB, height",UFC 2
Rick Story,2,2009,no ESPN profile,UFC 103
Rob Yundt,2,2008,no ESPN profile,The Ultimate Fighter: Team Rampage vs. Team Forrest Finale
Roberto Traven,2,1996-2001,no ESPN profile,UFC 11
Roman Mitichyan,2,2007-2008,"ESPN profile lacks nationality, DOB, height",The Ultimate Fighter: Team Hughes vs. Team Serra Finale
Ross Pearson,2,2009,no ESPN profile,The Ultimate Fighter: United States vs. United Kingdom Finale
Ross Pointon,2,2006-2007,no ESPN profile,The Ultimate Fighter 3 Finale
Ryan Thomas,2,2008,no ESPN profile,UFC 87
Sam Fulton,2,1996-1997,"ESPN profile lacks nationality, DOB, height",UFC 11
Sam Morgan,2,2005-2006,no ESPN profile,The Ultimate Fighter 2 Finale
Samy Schiavo,2,2008,"ESPN profile lacks nationality, height",UFC 89
Scott Bessac,2,1995,"ESPN profile lacks nationality, DOB, height",UFC 7
Sean Salmon,2,2007,no ESPN profile,UFC 71
Semmy Schilt,2,2001,ESPN profile lacks nationality,UFC 31
Seth Petruzelli,2,2006-2007,no ESPN profile,Ortiz vs. Shamrock 3: The Final Chapter
Steve Judson,2,1999-2000,"ESPN profile lacks nationality, DOB, height",UFC 22
Steve Nelmark,2,1996,"ESPN profile lacks nationality, DOB, height",UFC 9
Tai Bowden,2,1996,"ESPN profile lacks nationality, DOB, height",UFC 9
Tedd Williams,2,2000,"ESPN profile lacks nationality, DOB, height",UFC 24
Tim Hague,2,2009,no ESPN profile,UFC 102
Tom Lawlor,2,2008-2009,ESPN profile complete,The Ultimate Fighter: Team Nogueira vs. Team Mir Finale
Tom Speer,2,2007-2008,no ESPN profile,The Ultimate Fighter: Team Hughes vs. Team Serra Finale
Travis Fulton,2,1999,no ESPN profile,UFC 20
Travis Wiuff,2,2002-2005,no ESPN profile,UFC 40
Trent Jenkins,2,1993-1995,"ESPN profile lacks nationality, DOB",UFC 1
Valeri Ignatov,2,1999,"ESPN profile lacks nationality, DOB, height",UFC 19
Vernon White,2,2003-2004,no ESPN profile,UFC 43
Victor Valimaki,2,2006-2007,no ESPN profile,UFC 70
Vinny Magalhães,2,2008-2009,no ESPN profile,The Ultimate Fighter: Team Nogueira vs. Team Mir Finale
Wes Combs,2,2006,no ESPN profile,The Ultimate Fighter 3 Finale
Xavier Foupa-Pokam,2,2009,no ESPN profile,UFC 97
Aaron Brink,1,2000,"ESPN profile lacks division, nationality, DOB, height",UFC 28
Adrian Serrano,1,2000,no ESPN profile,UFC 26
Adriano Santos,1,1998,"ESPN profile lacks nationality, DOB, height",UFC Brazil
Alberto Cerro Leon,1,1994,no ESPN profile,UFC 2
Alex Andrade,1,2000,no ESPN profile,UFC 26
Alex Schoenauer,1,2005,no ESPN profile,The Ultimate Fighter 1 Finale
Alex Stiebling,1,2000,no ESPN profile,UFC 28
Alexandre Barros,1,2009,no ESPN profile,UFC 93
Alfonso Alcarez,1,1999,"ESPN profile lacks nationality, DOB, height",UFC 22
Allan Góes,1,1998,no ESPN profile,UFC 17
Allen Berube,1,2007,"ESPN profile lacks nationality, DOB, height",The Ultimate Fighter 5 Finale
André Pederneiras,1,1999,no ESPN profile,UFC 21
Andy Anderson,1,1995,"ESPN profile lacks nationality, DOB, height",UFC 5
Andy Wang,1,2007,no ESPN profile,The Ultimate Fighter 5 Finale
Asbel Cancio,1,1995,"ESPN profile lacks nationality, DOB, height",UFC 5
Ben Earwood,1,2000,"ESPN profile lacks nationality, DOB, height",UFC 28
Bill Mahood,1,2005,"ESPN profile lacks division, nationality",UFC 53
Billy Miles,1,2007,"ESPN profile lacks nationality, DOB, height",The Ultimate Fighter: Team Hughes vs. Team Serra Finale
Bob Cook,1,2000,"ESPN profile lacks nationality, DOB, height",UFC 24
Bob Gilstrap,1,1998,no ESPN profile,UFC 17
Bobby Southworth,1,2005,no ESPN profile,The Ultimate Fighter 1 Finale
Brandon Melendez,1,2007,no ESPN profile,The Ultimate Fighter 5 Finale
Brian Cobb,1,2009,no ESPN profile,UFC 95
Brian Gassaway,1,2005,no ESPN profile,UFC 54
Brian Geraghty,1,2007,no ESPN profile,The Ultimate Fighter 5 Finale
CJ Fernandes,1,2000,no ESPN profile,UFC 27
Cale Yarbrough,1,2008,no ESPN profile,UFC Fight Night: Silva vs. Irvin
Cameron Dollar,1,2009,no ESPN profile,The Ultimate Fighter: United States vs. United Kingdom Finale
Carlos Barreto,1,1997,no ESPN profile,UFC 15
Cesar Marscucci,1,1998,"ESPN profile lacks nationality, DOB, height",UFC Brazil
Chase Gormley,1,2009,no ESPN profile,UFC 104
Chris Condo,1,1999,"ESPN profile lacks nationality, DOB, height",UFC 20
Chris Haseman,1,2002,ESPN profile lacks nationality,UFC 38
Chris Liguori,1,2003,no ESPN profile,UFC 45
Cory Walmsley,1,2006,"ESPN profile lacks nationality, DOB, height",UFC 62
Courtney Turner,1,1998,"ESPN profile lacks nationality, DOB, height",UFC 16
Dan Barrera,1,2007,ESPN profile lacks nationality,The Ultimate Fighter: Team Hughes vs. Team Serra Finale
Dan Bobish,1,1997,no ESPN profile,UFC 14
Dan Lauzon,1,2006,no ESPN profile,UFC 64
Danillo Villefort,1,2009,no ESPN profile,UFC 101
Dante Rivera,1,2008,no ESPN profile,The Ultimate Fighter: Team Rampage vs. Team Forrest Finale
Darrell Gholar,1,1999,no ESPN profile,UFC 18
Darrill Schoonover,1,2009,no ESPN profile,The Ultimate Fighter: Heavyweights Finale
Dave Berry,1,1996,"ESPN profile lacks nationality, DOB, height",UFC 11
Dave Roberts,1,1999,no ESPN profile,UFC 20
David Baron,1,2008,no ESPN profile,UFC 89
David Hood,1,1995,"ESPN profile lacks nationality, DOB, height",UFC 7
David Levicki,1,1994,"ESPN profile lacks nationality, DOB, height",UFC 2
David Velasquez,1,2000,no ESPN profile,UFC 24
Derek Downey,1,2009,ESPN profile lacks nationality,UFC Fight Night: Lauzon vs. Stephens
Derrick Noble,1,2006,no ESPN profile,UFC 59
Dieuseul Berto,1,1996,no ESPN profile,UFC 10
Dmitri Stepanov,1,1997,"ESPN profile lacks nationality, DOB, height",UFC 13
Donnie Chappell,1,1997,"ESPN profile lacks nationality, DOB, height",UFC 14
Dorian Price,1,2007,"ESPN profile lacks nationality, DOB, height",The Ultimate Fighter: Team Hughes vs. Team Serra Finale
Dwayne Cason,1,1997,"ESPN profile lacks nationality, DOB, height",UFC 15
Ebenezer Fontes Braga,1,1998,no ESPN profile,UFC Brazil
Eddie Ruiz,1,2003,"ESPN profile lacks nationality, DOB, height",UFC 43
Eldo Dias Xavier,1,1994,no ESPN profile,UFC 4
Emmanuel Yarbrough,1,1994,no ESPN profile,UFC 3
Enson Inoue,1,1997,no ESPN profile,UFC 13
Eric Martin,1,1997,"ESPN profile lacks nationality, DOB, height",UFC 12
Ernie Verdicia,1,1995,"ESPN profile lacks nationality, DOB, height",UFC 5
Eugenio Tadeu,1,1998,"ESPN profile lacks nationality, DOB, height",UFC 16
Flavio Luiz Moura,1,1999,no ESPN profile,UFC 21
Floyd Sword,1,2007,"ESPN profile lacks nationality, DOB",The Ultimate Fighter 5 Finale
Francesco Maturi,1,1995,"ESPN profile lacks nationality, DOB, height",UFC 7
Frank Caracci,1,1999,"ESPN profile lacks nationality, DOB, height",UFC 18
Frank Hamaker,1,1994,"ESPN profile lacks nationality, DOB, height",UFC 2
Frank Lester,1,2009,no ESPN profile,The Ultimate Fighter: United States vs. United Kingdom Finale
Fred Ettish,1,1994,"ESPN profile lacks nationality, DOB, height",UFC 2
Fábio Gurgel,1,1996,"ESPN profile lacks nationality, DOB, height",UFC 11
Gerald Strebendt,1,2003,no ESPN profile,UFC 44
Gerry Harris,1,1995,"ESPN profile lacks nationality, DOB, height",UFC 7
Goran Reljic,1,2008,no ESPN profile,UFC 84
Greg Stott,1,1997,"ESPN profile lacks nationality, DOB, height",UFC 15
Hayato Sakurai,1,2002,ESPN profile lacks nationality,UFC 36
He-Man Ali Gipson,1,1995,no ESPN profile,UFC 6
Homer Moore,1,2001,"ESPN profile lacks nationality, DOB, height",UFC 34
Houston Dorr,1,1997,"ESPN profile lacks nationality, DOB, height",UFC 15
Hugo Duarte,1,1998,no ESPN profile,UFC 17
Icho Larenas,1,2006,no ESPN profile,UFC 58
Igor Pokrajac,1,2009,ESPN profile complete,UFC 103
Igor Zinoviev,1,1998,"ESPN profile lacks nationality, DOB, height",UFC 16
Ikuhisa Minowa,1,2000,no ESPN profile,UFC 25
Ivan Serati,1,2009,no ESPN profile,UFC 93
Jack McLaughlin,1,1995,no ESPN profile,UFC 6
Jackie Lee,1,1997,"ESPN profile lacks nationality, DOB, height",UFC 12
Jacob Volkmann,1,2009,no ESPN profile,UFC 106
James Giboo,1,2008,no ESPN profile,UFC Fight Night: Silva vs. Irvin
James Lee,1,2008,ESPN profile lacks nationality,UFC 80
James McSweeney,1,2009,no ESPN profile,The Ultimate Fighter: Heavyweights Finale
James Zikic,1,2002,no ESPN profile,UFC 38
Jared Hamman,1,2009,no ESPN profile,UFC 105
Jason Fairn,1,1994,"ESPN profile lacks nationality, DOB, height",UFC 4
Jason Miller,1,2005,ESPN profile complete,UFC 52
Jason Thacker,1,2005,"ESPN profile lacks nationality, DOB, height",The Ultimate Fighter 1 Finale
Jay Silva,1,2009,no ESPN profile,UFC Fight Night: Diaz vs. Guillard
Jeff Curran,1,2004,ESPN profile complete,UFC 46
Jeff Newton,1,2005,"ESPN profile lacks nationality, DOB, height",UFC 56
Jermaine Andre,1,2000,no ESPN profile,UFC 24
Jesse Forbes,1,2006,no ESPN profile,The Ultimate Fighter 3 Finale
Jesse Lennox,1,2009,"ESPN profile lacks nationality, DOB, height",UFC 101
Jesse Sanders,1,2009,"ESPN profile lacks nationality, DOB, height",UFC Fight Night: Condit vs. Kampmann
Jesse Taylor,1,2008,no ESPN profile,UFC Fight Night: Silva vs. Irvin
Jim Mullen,1,1997,"ESPN profile lacks nationality, DOB, height",UFC 12
Joao Marcos Pierini,1,2002,no ESPN profile,UFC 37.5
Joao Roque,1,2000,no ESPN profile,UFC 26
Joe Brammer,1,2009,no ESPN profile,The Ultimate Fighter: Heavyweights Finale
Joe Jordan,1,2006,no ESPN profile,UFC 61
Joe Pardo,1,1998,no ESPN profile,UFC 17
Joey Gilbert,1,2001,"ESPN profile lacks division, nationality, DOB, height",UFC 31
Joey Roberts,1,1999,"ESPN profile lacks nationality, DOB, height",UFC 19
John Campetella,1,1996,"ESPN profile lacks nationality, DOB, height",UFC 10
John Dowdy,1,1995,"ESPN profile lacks nationality, DOB, height",UFC 5
John Kolosci,1,2007,no ESPN profile,The Ultimate Fighter: Team Hughes vs. Team Serra Finale
John Lober,1,1998,"ESPN profile lacks nationality, DOB, height",UFC Brazil
John Marsh,1,2005,no ESPN profile,UFC 52
John Matua,1,1995,"ESPN profile lacks nationality, DOB, height",UFC 6
John Polakowski,1,2008,"ESPN profile lacks nationality, DOB, height",The Ultimate Fighter: Team Nogueira vs. Team Mir Finale
Johnny Rhodes,1,1994,"ESPN profile lacks nationality, DOB, height",UFC 2
Jon Hess,1,1995,no ESPN profile,UFC 5
Jon Madsen,1,2009,no ESPN profile,The Ultimate Fighter: Heavyweights Finale
Jonathan Wiezorek,1,2004,no ESPN profile,UFC 47
Jorge Patino,1,1999,no ESPN profile,UFC 18
Josh Hendricks,1,2008,no ESPN profile,UFC 91
Josh Rafferty,1,2005,no ESPN profile,The Ultimate Fighter 1 Finale
Josh Schockman,1,2006,no ESPN profile,UFC 65
Josh Stuart,1,1998,no ESPN profile,UFC 16
Jules Bruchez,1,2008,"ESPN profile lacks nationality, DOB, height",The Ultimate Fighter: Team Nogueira vs. Team Mir Finale
Julian Sanchez,1,1996,"ESPN profile lacks nationality, DOB, height",UFC 11
Justin James,1,2006,"ESPN profile lacks nationality, DOB",UFC 64
Justin Martin,1,1997,no ESPN profile,UFC 12
Justin Wren,1,2009,no ESPN profile,The Ultimate Fighter: Heavyweights Finale
Katsuhisa Fujii,1,1999,no ESPN profile,UFC 23
Kazushi Sakuraba,1,1997,no ESPN profile,UFC Japan: Ultimate Japan
Keigo Kunihara,1,2005,"ESPN profile lacks nationality, DOB, height",UFC 55
Keiichiro Yamamiya,1,1999,no ESPN profile,UFC 23
Keith Mielke,1,1996,no ESPN profile,UFC 8
Kerry Schall,1,2005,no ESPN profile,The Ultimate Fighter 2 Finale
Kimbo Slice,1,2009,no ESPN profile,The Ultimate Fighter: Heavyweights Finale
Kit Cope,1,2005,no ESPN profile,The Ultimate Fighter 2 Finale
Koji Kitao,1,1996,no ESPN profile,UFC 9
Kristian Rothaermel,1,2006,"ESPN profile lacks nationality, DOB, height",UFC Ultimate Fight Night 5
Lee Murray,1,2004,no ESPN profile,UFC 46
Leigh Remedios,1,2002,no ESPN profile,UFC 38
Lodune Sincaid,1,2005,no ESPN profile,The Ultimate Fighter 1 Finale
Logan Clark,1,2006,no ESPN profile,UFC Fight Night: Sanchez vs. Riggs
Lowell Anderson,1,1999,"ESPN profile lacks nationality, DOB, height",UFC 22
Lucio Linhares,1,2009,no ESPN profile,UFC 107
Marcelo Aguiar,1,2000,"ESPN profile lacks nationality, DOB, height",UFC 26
Marcelo Mello,1,1999,"ESPN profile lacks nationality, DOB, height",UFC 20
Marcus Silveira,1,1997,no ESPN profile,UFC Japan: Ultimate Japan
Mario Neto,1,2006,no ESPN profile,UFC 63
Mark Hughes,1,2000,"ESPN profile lacks nationality, DOB, height",UFC 28
Mark Robinson,1,2001,"ESPN profile lacks nationality, DOB, height",UFC 30
Masutatsu Yano,1,1999,"ESPN profile lacks nationality, DOB, height",UFC 23
Matt Andersen,1,1996,no ESPN profile,UFC 9
Matt Mitrione,1,2009,no ESPN profile,The Ultimate Fighter: Heavyweights Finale
Matt Riddle,1,2008,no ESPN profile,The Ultimate Fighter: Team Rampage vs. Team Forrest Finale
Melton Bowen,1,1994,"ESPN profile lacks nationality, DOB, height",UFC 4
Mike Brown,1,2004,"ESPN profile lacks nationality, DOB, height",UFC 47
Mike Wessel,1,2008,no ESPN profile,UFC 92
Mike Whitehead,1,2006,no ESPN profile,UFC 57
Minoki Ichihara,1,1994,"ESPN profile lacks nationality, DOB, height",UFC 2
Nate Schroeder,1,2000,no ESPN profile,UFC 26
Neil Grove,1,2009,no ESPN profile,UFC 95
Neil Wain,1,2008,no ESPN profile,UFC 89
Nick Agallar,1,2003,no ESPN profile,UFC 45
Nick Sanzo,1,1997,"ESPN profile lacks nationality, DOB, height",UFC 12
Nick Serra,1,2002,"ESPN profile lacks nationality, DOB, height",UFC 37.5
Nissen Osterneck,1,2009,no ESPN profile,UFC Fight Night: Condit vs. Kampmann
Noe Hernandez,1,1998,"ESPN profile lacks nationality, DOB, height",UFC 17
Onassis Parungao,1,1995,"ESPN profile lacks nationality, DOB, height",UFC 7
Orlando Wiet,1,1994,"ESPN profile lacks nationality, DOB, height",UFC 2
Pat Healy,1,2006,ESPN profile complete,UFC Fight Night: Sanchez vs. Parisyan
Paul Creighton,1,2002,"ESPN profile lacks nationality, DOB, height",UFC 37
Paul Daley,1,2009,no ESPN profile,UFC 103
Paul Georgieff,1,2007,"ESPN profile lacks nationality, height",The Ultimate Fighter: Team Hughes vs. Team Serra Finale
Paul Herrera,1,1996,"ESPN profile lacks nationality, DOB, height",UFC 8
Paul Rodriguez,1,2001,no ESPN profile,UFC 32
Paulo Santos,1,1998,no ESPN profile,UFC Brazil
Phil Johns,1,2001,no ESPN profile,UFC 30
Rafael Carino,1,1996,no ESPN profile,UFC 9
Rainy Martinez,1,1997,"ESPN profile lacks nationality, DOB, height",UFC 12
Ray Wizard,1,1994,"ESPN profile lacks nationality, DOB, height",UFC 2
Rex Holman,1,2007,"ESPN profile lacks nationality, DOB",UFC 68
Reza Nasri,1,1996,"ESPN profile lacks nationality, DOB, height",UFC 11
Ricardo Funch,1,2009,no ESPN profile,UFC 107
Rich Crunkilton,1,2003,no ESPN profile,UFC 42
Richie Hightower,1,2007,no ESPN profile,The Ultimate Fighter: Team Hughes vs. Team Serra Finale
Rick Davis,1,2006,"ESPN profile lacks nationality, DOB, height",UFC 60
Robert Lucarelli,1,1994,"ESPN profile lacks nationality, DOB, height",UFC 2
Rodney Wallace,1,2009,no ESPN profile,The Ultimate Fighter: Heavyweights Finale
Rodrigo Ruas,1,2002,no ESPN profile,UFC 37.5
Roland Payne,1,1994,"ESPN profile lacks nationality, DOB, height",UFC 3
Romie Aram,1,2003,"ESPN profile lacks nationality, DOB, height",UFC 42
Ron Faircloth,1,2005,no ESPN profile,UFC 55
Ron van Clief,1,1994,"ESPN profile lacks nationality, DOB, height",UFC 4
Ronald Jhun,1,2004,no ESPN profile,UFC 49
Roy Nelson,1,2009,ESPN profile complete,The Ultimate Fighter: Heavyweights Finale
Rudyard Moncayo,1,1995,"ESPN profile lacks nationality, DOB, height",UFC 6
Ryan Madigan,1,2009,ESPN profile lacks nationality,UFC 96
Ryan Parker,1,1995,no ESPN profile,UFC 7
Ryan Roberts,1,2008,no ESPN profile,UFC Fight Night: Florian vs. Lauzon
Saeed Hosseini,1,1997,"ESPN profile lacks nationality, DOB, height",UFC 13
Sanae Kikuta,1,2000,no ESPN profile,UFC 25
Satoshi Honma,1,2000,"ESPN profile lacks nationality, DOB, height",UFC 25
Scott Adams,1,2000,"ESPN profile lacks nationality, DOB, height",UFC 24
Scott Baker,1,1994,"ESPN profile lacks nationality, DOB, height",UFC 2
Scott Fiedler,1,1996,"ESPN profile lacks nationality, DOB, height",UFC 10
Scott Junk,1,2007,"ESPN profile lacks nationality, DOB, height",UFC 76
Scott Morris,1,1994,"ESPN profile lacks nationality, DOB, height",UFC 2
Sean Alvarez,1,2003,"ESPN profile lacks nationality, DOB, height",UFC 42
Sean Daugherty,1,1994,"ESPN profile lacks nationality, DOB, height",UFC 2
Sean Gannon,1,2005,"ESPN profile lacks nationality, DOB, height",UFC 55
Shane Primm,1,2008,no ESPN profile,The Ultimate Fighter: Team Nogueira vs. Team Mir Finale
Sherman Pendergarst,1,2006,no ESPN profile,UFC 65
Sione Latu,1,1999,"ESPN profile lacks nationality, DOB, height",UFC 19
Solomon Hutcherson,1,2006,no ESPN profile,The Ultimate Fighter 3 Finale
Steve Byrnes,1,2006,"ESPN profile lacks nationality, DOB, height",UFC Fight Night: Sanchez vs. Riggs
Steve Lopez,1,2009,no ESPN profile,UFC 103
Steve Vigneault,1,2006,"ESPN profile lacks nationality, DOB",UFC 58
Steven Graham,1,1997,"ESPN profile lacks nationality, DOB",UFC 13
Steven Lynch,1,2007,no ESPN profile,UFC 72
Thaddeus Luster,1,1994,"ESPN profile lacks nationality, DOB, height",UFC 2
Thomas Ramirez,1,1996,"ESPN profile lacks nationality, DOB, height",UFC 8
Tim McKenzie,1,2009,no ESPN profile,UFC Fight Night: Condit vs. Kampmann
Todd Butler,1,1997,no ESPN profile,UFC 14
Todd Duffee,1,2009,no ESPN profile,UFC 102
Todd Medina,1,1995,no ESPN profile,UFC 5
Tom Egan,1,2009,no ESPN profile,UFC 93
Tom Murphy,1,2006,no ESPN profile,UFC 58
Tony Petarra,1,1999,no ESPN profile,UFC 20
Tsuyoshi Kohsaka,1,1998,no ESPN profile,UFC 16
Tulio Palhares,1,1998,no ESPN profile,UFC Brazil
Tyrone Roberts,1,2000,no ESPN profile,UFC 26
Wade Shipp,1,2004,"ESPN profile lacks nationality, DOB, height",UFC 47
Wallid Ismail,1,1997,no ESPN profile,UFC 12
Wes Albritton,1,1997,"ESPN profile lacks nationality, DOB, height",UFC 13
Yoshihiro Akiyama,1,2009,ESPN profile complete,UFC 100
Yoshiki Takahashi,1,1997,no ESPN profile,UFC 12
Yuki Sasaki,1,2006,no ESPN profile,UFC Fight Night: Sanchez vs. Parisyan
Yuri Vaulin,1,1997,"ESPN profile lacks nationality, DOB, height",UFC 14
Zach Light,1,2002,no ESPN profile,UFC 37.5
